name,hash-sha256
00a7440d-3aaa-5255-883d-4fc564211041.out,b4053245e601bb707f8696b16c56b0446199bf8d37cefc71935e8bb941f734c1
0218b3cf-a8de-5286-8a24-34c89cdb8638.out,af411381fb7715d9da9dc4d84dea37b1034a6ff0e4b55446395d01ff414c7f71
03cf509c-4ac1-5f56-99b6-afc801f58653.out,26eb8c010fe45ee9b94201ed92afc06430d0f565124705beee94d00cfe9b4d28
0654708d-a990-54ce-a41a-a38bfefc427f.out,07a96449c9c8820c31e8fb9e40999a6f0aff9ea21024baea4973fb4c7a2b93d2
09344b90-0fb8-5684-b8c7-020bf389c81e.out,225db17c5f1e0f04c2ba43b1ffd0a4f20ac164946e1fc5506c01fd9bc4f440b1
09d2f940-09f5-5e0d-bbf4-dcd5a88c9d07.out,5e0a921e21e19584efd910fadefa3441a7f2dc648c0ae5acafdbdd985ba3f63e
0d13a1e6-63be-5ac7-9dce-750cc9e6000a.out,612718ef0463c5fa5fef7b22c995dfec022611fb559d8e3760fa56afade175c1
128cafbd-c58e-504d-922b-f8182befbab4.out,074a30416462d1f6db52e49b5edc06b2183aed7f5ef27b08b37eb2b595047a54
18001d0c-453f-518f-973a-15b2ef00e93b.out,6a3e3951744af4fb3fd567271ad3231360c291832ae2fd579598105317adee45
1ae78943-1a7e-55d7-a961-fb34426ef0e9.out,99eb490dc14adc6360ef3d63f0f2a670cd4bc16c4db7d00326815a977c75d3f4
1ca8d3d2-8ee0-5d99-8dd4-207e9fc7db47.out,f288b642b190b888861a48be5fa637434f6da45ea2bb060993eed2a7952e1be7
1d06d339-c0c1-5bca-9e42-2edffbde3b0e.out,ba4ec72f618db04755e167aeac5e818bef81ac7c830676e273729ef3b7972c24
1d87864f-8ec2-506d-a043-8a3d7de22ea9.out,126deac8a9c13ee25517dc06a099a8df59c1e29f8f8e2336d6fbdb2f1dcbdf70
1fa446b2-f8f9-5ec3-9771-5cd32c2f0c1e.out,d38e17a2f331c0fc5435093194ad4404ad05460b35ca799f8c8c7393078e0a87
1fa7aa86-7140-509e-9a99-198866ad8fe5.out,e7c49459534c1a552360ce9e3d7e2ff0c6ecad281084fa944c3180951caa9ef7
225addc0-3e9f-5415-a5cf-9c1de6ba935a.out,376187c5708cf69403141e2833577cc32c98213dd469cfd2d5750914f0ca0489
292fe5b1-6cfa-59c0-a659-fc475666190e.out,791b030ac22e8e30022c3c2fa073b7f44128c2e2a81ba859c1694dadb25d4864
2b9e4b32-aafe-5db2-acd9-21802a5c81ec.out,9e6cfcbbcad87867512091a835c7b2ec80396ba73ff8a7150bc710affe0bbfef
3318f389-cfd3-5162-9028-8cf0dc79faab.out,b489de98b877cdcb773d67773611831a7b7d218a8ab63380df2de9fb1b7dcf50
33c9f0d7-e012-5952-9e1c-0ef5e4d8bb6c.out,a2149c22d7ea2b9c241b25b30646a1fc0ed636ed843d65d7e2a44879f40b8808
33e4bbd5-b176-56fc-9330-5763d374345f.out,d5506c27215ad85f3083d9cba77298b4650e46217d64a86febe73ec1eafef8ea
35d9dc3d-2e15-5d39-ae89-f92e6c3e40f2.out,bb4e6a282d5f47283ed5cb26355e88ae8d015bda4d417a28a3308cd992138185
35e6c785-6913-507b-a742-3ff12d6af957.out,dcbbbbfdf92e6fa48865842db36062bf2a8559dc9d2dec822c2ec04a04756b5c
36b219e2-6c55-5525-bd17-f930ffb01215.out,4f7d8bc8d0c77cf11dd67381dcc27a47815dbe5fc648e8bcf415aa398e4b1d5c
3863254b-7bf4-56cf-99e9-0426688932f9.out,4d55a0f0ce5d0f0fd8967fff8506ef0d59f035bc4141b8da7837e5354f715a93
39af4f76-5963-5c2b-93f3-9c8877c82b79.out,fcb9702ca702208efadf1463185a20f3bcde62c0acd1f05e4a735bb85c7fb8c9
3b0f8bfd-ed67-545c-9436-6b2290bceef1.out,3822300976633928f989f7dd8743c902971f231219647b6850adbbadbec41fe5
3b934708-5fc2-51a0-8883-73a3294a6cd7.out,f75016d350aaf7eeee197b1e1d463a7a6278bc8ad134ee3df19b35e3e8277b1a
3ba6ad69-7e6c-564c-aa13-977669eecff8.out,d9e564cb94a900a40d8cf981572dbb76deee2ab71c6fb9aa612707c9183b2a19
3c02b080-4a79-565d-bb3e-44537c1b5e29.out,824191c233e47d23aebd7dea4598a6e2d1baaee1fb7c0682e99092ac44a74478
3c11fdf4-4f22-5670-bf8a-b4f74825c5dd.out,45f560885c352d5c7ea60f6075868ad2bfe0b591e4e094afd7afee3354222105
4042dafd-0c7c-5414-a2c6-9a2e4f46180b.out,8af0543f95edad5d7ac33434e4b440089fce96ae28fbd65447567f7048cdcf84
430be487-f03e-5264-bda0-068d31285fba.out,4d818841a5d1ccc0d8690a9b4d308040f00a3a9f18a1ee3666136eb6d56158c7
4754499f-f990-556c-954e-713d49128c34.out,d6644add4d88e2741083c2ef1a605d140d63d037da42566572481142c271833f
481be2c3-ccae-57a1-9dfe-a52e5facfa9d.out,7d3d384421122939c92120cbf61193dedc68b9043e47eda108e7b5ef38efe429
48429697-7a39-5a89-bf77-6f569eb853c7.out,279077261288614e1a49b2325286490a1d00be5a7d525c76944646110ba89f5c
4a5a90ae-7420-53ce-83f4-631e069a7114.out,78fe7e47a71ae5a3627e26fc99c3b87ca7f248a2db92538b8b94dff404ae7106
4ae96f45-7287-5a85-9b36-7eda68c4a462.out,841cb6f8db4151519bef002fdcd33b507bb07395b991c4f3898b504da1923cf5
4b38e568-1955-563f-8ddc-a720e5e0fa02.out,8563289cd74a62622cb22bea8f74482a993f761ace9cc0b97b3921d8b66d9598
4b68ac94-b3ae-50e4-975d-c5328f641354.out,42795c8118a5c0b3c673ee06ac1981c53e8dabc70d7de52e441ea5c8e8cca3e0
4bcb0d5b-2a11-5680-a2ff-c1947de6cbae.out,0792aadea210b367c9cfe9fd3f4901491b477ba6574910be68b055d1b7a1381a
4d584e79-9220-5b7a-9631-3e823376a793.out,8bc099f35cfa4c13c9da2b04195788bd845cf556e0bef6b02743d50f82f3e5eb
5136e707-b03c-50c8-b143-76c993de917a.out,db411326faecfbfc2687744263d820c70f0e1bbb416b981689ee61e7214602f6
529821f8-0045-5280-8fbd-eb459290f83d.out,bdd253b26236b0ba20ab8e7e2c1d120e37b3906bada2705247a86e5bf957fe16
52bfd20f-e5c5-515f-9411-3ae938481b5c.out,a87f1f05a850bb596dc006110bc0ec2ecc1adaa1673574c804723b80aa0a068c
52eec45c-e54b-5579-a936-a807d03d2cf7.out,7ab59fbfb6d092416464cf5535ecfecab307b8f53117a5da5366ecf0a866162e
5a04d2f7-4e2f-5ce4-a2ef-042111b1b22e.out,390ddf56a5f69a5c19e5b1187cae83554b02e56a450867459c68f83912ebd9e0
5ef45b9f-9ec8-5b1c-98b8-ec6f1144a8bd.out,57114187fdfa7464d91070c0eb14d3132959e05ea874bc16347fe47b2a0a3c8c
5f680c98-a4a9-588f-963f-d30f8d2138b1.out,51f16658059b133d89fe590eac5cd7a8ab762cc9d9272137a7a0c1f64db85694
6327a5ca-e667-5d91-be38-1f6a89b9fa9e.out,98364e682be335e344ae04a1384dcf116e8814aa2623e4aaeee40be4de2ebb3b
64b4d2f9-d167-5d3f-bfe2-02b9aac6b866.out,5de03c6fb63f834f7ed2b8abe3d79857f6c8bafe6dc91ab9129bb99bc6f23ef4
69c42c34-643f-5020-a833-a0653408798b.out,7536a5a449f9aae77cc10041363d434099679b37de5be92a1b47a985d04e5f13
6ab4a415-2cf6-59e2-bc87-2304dee045ac.out,fe6bda1cf1b11d96c8a6a09808e7efcc43d1b425b9e1748a8b1c409742cee53b
6b88e382-fc59-54af-b81b-c0b960a68244.out,c6bb86eb54a56a0521ea595e00253600f0bd85057559ab8c52240a43b1b882ab
6e48c91e-5c00-5fb7-9d61-e02e413e140c.out,356199e3d855cb5d4fa37dcb52382daed3850af34f773e9e2dfaedad262b03f9
73c4ec05-a96e-510b-815a-540e76b6537f.out,345e2204459f4ba0f108a641055d9cfed120f503edbd3e971dbb0bdb3c77d2b7
73f7ce26-a336-52bd-9223-61eeee00561b.out,123ff78d2b4303d082df171ac8a37032364741cd5caf15377c90f731613cb107
75f1e43a-b16e-5e7c-945f-073687224fa6.out,187ce79ec77f9e2ecc18d70182ce03543dbe83d61a6417d3323cb8e8a5027f10
76c77a9d-3528-584f-ad6d-75a00473d5b5.out,f4d253851bd3d0445dd5b6b06bf1d0816aa52b8cf2dcaf70bdbded98f47f8df7
7f9493e0-4d8d-5d79-b3d7-127fe6ae2a61.out,9c5b87a52e70c1b7b52582403843d06a3e011d047804bd135892593eec53b93b
821b1da3-2b2e-5ef4-8f17-76826aa850c0.out,e418f968522b019c893078eb16930558dc5eb7972b90adffda3a41be5a0cef68
8754256b-921c-540b-89a2-bd4db4d07ef2.out,79d1688cf07dec8dcfeede4899248938925d45d0bb526ab40972f42959060931
87a7b4c8-7c9a-5fda-b772-e680e536ba14.out,c9f13fbc49fceb0e20b34db1baab87c53a3fc45dad48bd60801c5a4a2cbd776a
881e5f49-666e-549c-a7b0-c3e9a21a6ebe.out,f35ef36d132058d6b1de14b8921634c4eac5da90dd156af2f476748a504d9cb2
88280392-a3c0-59d3-ad2b-c0ec871251fb.out,4fdb908ee2a049cbdc6420e0593035d922a58b2b3c21d250dda100602ee1a38a
88e8efd6-c584-56c9-b67c-2ec19678d80d.out,45f4d2f3e639e1772af9448e0d8a90425e3433bdfe1b49a211b2d0b13a6a45eb
8be4a423-c026-59ef-bdb4-e75bbd915095.out,362af495710909997f148c1be38d4dada2fd17942c9a3131d6ccfb1b29030499
915d33bd-23dc-5a90-b3cc-ab2e22eafd05.out,788f436e8dc0e69c026289c778be020baa66969a7646155a13dcc14d36932d6f
92160f70-b49d-5753-93ad-570ebe004ded.out,d27b2ed20b17c499c330b5b01f404366d9b8a9465fe013512a2c0d6f415eaeae
93731910-3af6-5866-b7c6-3c7075a9173e.out,a326ff6f193e31286bca9b1ee7950c7ae7bc9a9dda85c411c5e4ffd00cc6ffa5
9897b523-6ed7-5c9c-b368-e94476bf9d2e.out,4ada3e6146f4c46298ca8b06c2a298a5cd8d30e6626440f221c51d202a9567e5
995111b4-bc4d-5394-92ad-d5537f19892e.out,ff389526f94a6a513beae59c8c19bbbd098fe25fc65c3ac69168ea62dc2749bb
9ecf0fc4-b216-5789-9574-fb7c0d8ab256.out,ecfb4bd052aa65048165edf8dd02a73472f404e903ab439fe89955dc66761fcb
9f02e35f-aaab-5f56-bbb9-e3ba71d78bac.out,2b66527a67a036a8eeb484056348c89708953e5af6252a11043a2c976f0a3368
a37f5a98-a244-5cbc-bf85-d8db54363e4e.out,2fe1abce96d58e7a31f7d32dc2c58d66913a008a49f691f1c9a8e5ed21995fe2
a4730583-fb57-51ad-999b-ded3dcf570df.out,ba00f42046b84fccc9703b02f2110074867319594f1bdcabdfb928fa751ba0f3
a51fe98b-8629-5c42-b116-7c3c00b8f56e.out,9939b98cba682ca6de1c7e011b0ecdeb3cebb07f86e4da4353cfc8f10af6a022
ab173f05-6139-5dae-9e8b-8a2e96b8a4b6.out,008417aa01b0baa9a06f476a45492dfd2ac44e0cdcd37045795f00a70a657af7
ab2ab9cb-fe31-5707-9312-7b3325bc2167.out,1dd52a8ccb7a2f251558a878748c82eee657c7995369a13f1e92659d9b1045eb
ab81fc56-19f8-5643-a5ec-161a059b4f65.out,19a8101357e2bbd337f01185ef4f0b4ba4e30bf1000bf270f02e076560d87dd2
ada7727d-ba53-57dd-9109-689dd89d8ac8.out,b22d448968a303dd8d3125de1564057505c1b3693f64d6e12ea44b0d07a0b7cc
af1bb3bb-7d35-5242-94b5-b86a44df3c8d.out,88518b0949f6c66a678fe322d160ed5ea35baf2785f36bf36bfececcd1cf1051
afc79f3f-cb84-5a1c-b927-0d0317ebdaef.out,d1b9f927f43cf660b284c1156e076c2aec1a2d8e55f7dc279b31518679e62936
b1989784-0637-58b6-a0cc-4d39714cd3d9.out,bb87f8af195233efd515d6f19b07993f4e06288b0f5ae21292884225d42e4125
b21ac443-7c0b-58d7-bd59-b240d6bdcbd2.out,19862e13de6ecb73e541627f228c98a5e6849ceb94c81920fd1c705b62d68d0c
b23dad7c-57f1-5d6f-b6bb-69ac788b8afa.out,60d32ff680dbb3f5513d313a4b674801b67d1f4b05197315863b5643f8a45fc9
b26d38a6-8a48-590b-9a23-2630a661210f.out,3bd2f4b2fcd0e4d3e9a8dfe22faf2ef1253b6d65cb0940de3fa772239a1b9b02
b48e9001-97bf-58fd-aee4-d687724beb92.out,d96f81322534d67052cb6c50747b7b4d232e47be0a5715117f24d85c97de38cb
b4ac3975-116a-5d58-b252-b195eeb662ae.out,d6b27d73e3b01753c35fbe6cd5586ebac3abbb621ea2d36f97c99b0d55bba186
b98b27d1-88b5-542e-bfbf-a3a75aa38be3.out,0bcf30727adefc60b5b2ec6a09f7f2fb2de061ac73f3444ae2631bea897c8e09
bb10ffa4-b84a-501f-9932-a39d4811c43a.out,c0c606d4cb677438bf4a5462256efd56b27b26c9c284911908d576269139483a
bd2c7cd0-a1a2-565c-a848-15165f2a7ee0.out,ca9487686720f0a6906b0b0b4d2f8c079b7f292efee99927266d60741e0f3b61
bdb3c766-50d1-52ec-a820-7a14bb0c55af.out,d27a6538fb95ea29f589fa83d7d12ac995b3cf27de70640a37f0bfbfcf0d87e6
be126df2-2e9a-5e32-ab84-de18aa0017e0.out,5b64b4afe697136fc1160347b315bdd369016443bbcd5a8a2fb582b259de9cf6
be3eaed1-219c-51b7-b060-48ee63ca8ce5.out,5c378ddf76ab2526fc5fa8be9e5b08c78d26eeec4bd43f354331ec57598c2263
beeb3538-a546-5717-890b-07bda61abe70.out,10889c259a8184ce09f23e601df9a1829b92657710b7654e3984070077d4a529
c01a7e68-db24-53e9-85b0-a18a48abfc56.out,71868fed0b33b14d0fbe96284983030692713a9af1611151f5247a1bf180ce4b
c07fc9d1-cb2b-5cf8-b2f1-09b80df3ca8d.out,cb65aa1a04961107d12f21ca58aaa2911ef1c1cf3612a3d336111771ec637b3d
c0a3ece6-46d9-569e-b6c9-12c918492f98.out,19f6defd9cd4f3d8b469ce13b00aa3166b03f6aba43ee0aee08bb2b653fad142
c0e28309-9802-5b15-b5d1-3f894f2192d0.out,274e5a4a18ddaef23c64c7b26fc31444dfb1115fbd3271c36319e5945d7fd8b8
c4c1b5d1-03d0-51eb-9482-91eaf8d241e5.out,051ccae4575c419c5464489621e1234cc76b7840b1e9d85c0ec40fc8c2f11eb2
c6d8191d-d106-58d4-bac0-5bbb513e489b.out,7aebfac240caa7fc1c95e497ac6a313ec67700fa560739fd50cbf02abf611c95
cb13f328-a881-5ddc-b781-70ed0862629e.out,678ccfebbc71a12c0ad80170342ee02928b8ed95ef24d00e965762ac481c1970
cc818b16-3ca8-5047-9a49-b9666aa82d62.out,91a7f322eb6b64b56a51b1f48106c1ed19a6ade0767a3bd14f392e7aae3d81be
cd2fd025-4a60-5ed7-97a3-20ceb12870a5.out,bf46be0c39b782e1c9ec94fbebc14ecf4aa53088a6c212bb6fddc8b15f53bc6b
cff96212-b00d-5573-890d-ef6feb468d9c.out,022be3728235a800926e90296802058e78e9867b37aefb9e3ffb957b4163cc40
d2c41141-3851-5aeb-b0b6-07380fd91b2d.out,98c09a5f909968405803c2d2a04a85bee23994a8dd754f80cdeace452c4526f8
d3659aff-9594-57ea-bab6-6c8d6d5d414b.out,e8e445b972a5bc4ee269b84ac594d698a9096e0b80a4dd4c8d932b1355dadc57
d44d7409-6a61-51b8-a29d-10e492a2f251.out,59245fd15d29bc5fe597cf86b00245f07d1d440015440da218c83675f66c70a4
d4f0a83e-1bce-56b0-b84e-a7b840b455bb.out,14e29086381ef8e11c1a802a092db67a53789c967e1d09613b03c7cb72a3231e
d60ee11e-b5c8-5741-a007-c403b4402c11.out,7ea3c2e34d6d2c3978bb4f4e75c28d4bb0d64b53c69c502162c8e6f765119592
d72351cf-de14-5f0d-9fb6-e2712d25d704.out,76e7951e008a1a6570d15126e4790cda36424c83c343fa72270224b8a4cdc18a
d8716fb3-5613-5910-99a0-ad12d7899808.out,4326968c18d6c9a80a35ce4ec5c623fed805090dbbbf48c085b7e4f939405be3
e3d208c7-a872-542c-8309-726ea076b7da.out,95d607bcb8638d3f64fbf4c1d930d46540d2077f4f98900fa34af1916a308642
e4e44785-e34c-5b9a-9e4c-f38a9486f705.out,fcd09a8719c8e3aa0e1e97cd6e60d8c4804e0c774c05dfe4905f8730d10fdc23
e66f2d36-dac7-50e2-bdac-ab002b4dca2d.out,5193dbfe2761185f124e648d354c7b7241ca771d5c70a874833e66319410f9df
e6dfc39a-a992-5b29-8fe3-2df616f80f43.out,49d76dc27f318e8f04008b2a0973a161db6e3f200eb967105b76adf370f3add2
e76e1ca6-c719-5f6a-8e35-6a5f2710b9b4.out,d51f0f7ef6edf018d781a8c1c3494f38c146608445b8b98f3e6afc56e2349ea4
e8ff02f6-881d-5977-aeae-80648670b178.out,1b3885c2fc1a4e9dcd7abc1b5b853fd82631cef65bafb2335ab7b34083aeb937
f067d2b0-cac5-51b4-86c8-1dba056f7816.out,88de05b4e388ac176826704f64fd1ec1430f0deb5de27acb9de2d8459e57ec24
f602623e-fd82-5a53-ba09-b05ce085e40c.out,86f66add2b2dd67d6c0956662e1b703be9b6f659f62b68cdfd3975229b354eec
f6ee05b8-92e8-5f70-a08f-3f37512696a3.out,79935a114e0dc48475855d9481656156326e9be9941a9ef73809c51df3643c7d
f91b011c-6dd6-5a18-81a5-8501453cf941.out,aa0332f2f31783adf25511c05d6f8fe110ac0ae3a2213c14cf6f2cabb43b35d8
f91cfb31-f52e-59a5-99d6-cc3a3f077daa.out,5c196356d5ab32c542984c60d52ea6da8b6a6e5a8163a166c579aea39fbe9e1a
fa1fcab0-cd1a-58d7-8ad0-923009e743f6.out,9236f3b97fcdbb96b8c1a758379bc0040e9f2ac2ffed9a9f0b50213389d70ef0
